d_date,date,delay,distance,origin,destination
2014-11-21,1121215,-5,602,ABE,ATL
2014-11-21,1121155,158,137,ABI,DFW
2014-11-21,1121030,-1,494,ABQ,DFW
2014-11-21,1121135,-9,494,ABQ,DFW
2014-11-21,1121007,-10,303,ABQ,DEN
2014-11-21,1121225,-6,285,ABQ,PHX
2014-11-21,1121230,-12,428,ABQ,SLC
2014-11-21,1121239,-1,971,ABQ,ORD
2014-11-21,1121155,-2,624,ABQ,MCI
2014-11-21,1121110,4,285,ABQ,PHX
2014-11-21,1121045,1,1451,ABQ,BWI
2014-11-21,1121155,-1,589,ABQ,LAX
2014-11-21,1121235,-5,504,ABQ,DAL
2014-11-21,1121035,-10,303,ABQ,DEN
2014-11-21,1121025,-4,504,ABQ,DAL
2014-11-21,1121150,0,126,ABY,ATL
2014-11-21,1121130,-6,78,ACT,DFW
2014-11-21,1121030,-9,247,AEX,DFW
2014-11-21,1121154,28,165,AEX,IAH
2014-11-21,1121115,267,435,AEX,ATL
2014-11-21,1121150,-7,125,AGS,ATL
2014-11-21,1121000,-5,125,AGS,ATL
2014-11-21,1121140,16,251,ALB,BWI
2014-11-21,1121115,-11,271,AMA,DFW
2014-11-21,1121000,-10,271,AMA,DFW
2014-11-21,1121108,4,450,AMA,IAH
2014-11-21,1121130,0,281,AMA,DAL
2014-11-21,1121105,-5,346,ANC,BET
2014-11-21,1121135,-4,496,ANC,JNU
2014-11-21,1121000,-3,1259,ANC,SEA
2014-11-21,1121100,-3,1259,ANC,SEA
2014-11-21,1121155,7,1340,ANC,PDX
2014-11-21,1121005,-4,468,ANC,OME
2014-11-21,1121020,-1,2002,ANC,LAS
2014-11-21,1121010,-3,227,ANC,FAI
2014-11-21,1121045,-6,636,ATL,DFW
2014-11-21,1121050,-2,475,ATL,DCA
2014-11-21,1121000,-4,527,ATL,ORD
2014-11-21,1121010,-7,132,ATL,TYS
2014-11-21,1121017,-5,418,ATL,RIC
2014-11-21,1121051,-5,306,ATL,GPT
2014-11-21,1121100,-3,1103,ATL,ABQ
2014-11-21,1121129,30,714,ATL,OMA
2014-11-21,1121206,5,288,ATL,MEM
2014-11-21,1121206,-7,393,ATL,LIT
2014-11-21,1121132,-4,386,ATL,SRQ
2014-11-21,1121000,-1,1344,ATL,SJU
2014-11-21,1121205,0,324,ATL,CVG
2014-11-21,1121000,-3,1389,ATL,STT
2014-11-21,1121215,-1,516,ATL,DTW
2014-11-21,1121031,-3,619,ATL,BUF
2014-11-21,1121055,-2,516,ATL,DTW
2014-11-21,1121210,18,388,ATL,CMH
2014-11-21,1121215,-5,447,ATL,RSW
2014-11-21,1121050,-2,3912,ATL,HNL
2014-11-21,1121016,-1,1165,ATL,HDN
2014-11-21,1121215,-3,527,ATL,ORD
2014-11-21,1121228,2,1389,ATL,STT
2014-11-21,1121120,2,648,ATL,EWR
2014-11-21,1121205,-2,318,ATL,DAB
2014-11-21,1121048,-4,197,ATL,CLT
2014-11-21,1121100,0,1859,ATL,SFO
2014-11-21,1121218,63,369,ATL,MSY
2014-11-21,1121217,-4,464,ATL,IAD
2014-11-21,1121005,-3,309,ATL,RDU
2014-11-21,1121100,-4,234,ATL,JAX
2014-11-21,1121130,-1,117,ATL,BHM
2014-11-21,1121050,4,788,ATL,MSP
2014-11-21,1121000,-3,449,ATL,ORF
2014-11-21,1121207,-6,602,ATL,MCI
2014-11-21,1121020,-2,388,ATL,CMH
2014-11-21,1121050,-4,473,ATL,PBI
2014-11-21,1121051,-5,225,ATL,CHS
2014-11-21,1121200,-2,788,ATL,MSP
2014-11-21,1121055,-2,236,ATL,PNS
2014-11-21,1121210,0,1344,ATL,SJU
2014-11-21,1121129,14,1518,ATL,LAS
2014-11-21,1121225,-6,186,ATL,BNA
2014-11-21,1121130,-4,421,ATL,STL
2014-11-21,1121035,-4,605,ATL,HOU
2014-11-21,1121051,-1,447,ATL,RSW
2014-11-21,1121045,-2,482,ATL,CLE
2014-11-21,1121205,1,1382,ATL,SLC
2014-11-21,1121017,8,376,ATL,DAY
2014-11-21,1121130,9,579,ATL,PHL
2014-11-21,1121235,-4,309,ATL,RDU
2014-11-21,1121000,19,421,ATL,STL
2014-11-21,1121040,-1,457,ATL,PIT
2014-11-21,1121032,1,1140,ATL,EGE
2014-11-21,1121200,-3,375,ATL,IND
2014-11-21,1121035,2,1691,ATL,LAX
2014-11-21,1121200,83,599,ATL,IAH
2014-11-21,1121031,-10,131,ATL,HSV
2014-11-21,1121215,-2,747,ATL,BDL
2014-11-21,1121010,-3,393,ATL,LIT
2014-11-21,1121110,-4,186,ATL,SAV
2014-11-21,1121230,1,1691,ATL,LAX
2014-11-21,1121107,18,1379,ATL,PHX
2014-11-21,1121209,-2,760,ATL,SAT
2014-11-21,1121114,-3,309,ATL,RDU
2014-11-21,1121200,-5,505,ATL,FLL
2014-11-21,1121100,1,505,ATL,FLL
2014-11-21,1121216,8,473,ATL,PBI
2014-11-21,1121045,-2,662,ATL,LGA
2014-11-21,1121015,-1,579,ATL,PHL
2014-11-21,1121100,-1,1042,ATL,DEN
2014-11-21,1121237,-1,648,ATL,EWR
2014-11-21,1121145,8,662,ATL,LGA
2014-11-21,1121005,0,117,ATL,BHM
2014-11-21,1121215,-2,132,ATL,TYS
2014-11-21,1121100,-2,513,ATL,MDW
2014-11-21,1121033,-4,602,ATL,MCI
2014-11-21,1121210,1,296,ATL,JAN
2014-11-21,1121100,-3,353,ATL,TPA
2014-11-21,1121110,-5,636,ATL,DFW
2014-11-21,1121054,-2,1114,ATL,ELP
2014-11-21,1121220,-3,449,ATL,ORF
2014-11-21,1121055,0,351,ATL,MCO
2014-11-21,1121105,-4,517,ATL,MIA
2014-11-21,1121031,4,288,ATL,MEM
2014-11-21,1121225,-2,353,ATL,TPA
2014-11-21,1121100,19,369,ATL,MSY
2014-11-21,1121100,0,1644,ATL,SAN
2014-11-21,1121155,-3,351,ATL,MCO
2014-11-21,1121041,-3,279,ATL,SDF
2014-11-21,1121225,3,822,ATL,BOS
2014-11-21,1121212,2,501,ATL,BWI
2014-11-21,1121220,76,475,ATL,DCA
2014-11-21,1121229,-3,517,ATL,MIA
2014-11-21,1121207,-2,418,ATL,RIC
2014-11-21,1121205,3,660,ATL,JFK
2014-11-21,1121106,-1,217,ATL,VPS
2014-11-21,1121050,-4,1339,ATL,TUS
2014-11-21,1121051,-5,581,ATL,MKE
2014-11-21,1121031,-3,208,ATL,ECP
2014-11-21,1121209,-3,482,ATL,CLE
2014-11-21,1121026,-6,133,ATL,GSP
2014-11-21,1121045,-4,1382,ATL,SLC
2014-11-21,1121205,2,197,ATL,CLT
2014-11-21,1121050,-10,599,ATL,IAH
2014-11-21,1121222,-7,599,ATL,IAH
2014-11-21,1121050,39,166,ATL,CAE
2014-11-21,1121209,-10,262,ATL,MOB
2014-11-21,1121050,0,661,ATL,OKC
2014-11-21,1121000,-3,503,ATL,FSM
2014-11-21,1121106,20,538,ATL,MDT
2014-11-21,1121209,28,459,ATL,CAK
2014-11-21,1121100,11,512,ATL,XNA
2014-11-21,1121140,-2,197,ATL,TRI
2014-11-21,1121017,-7,207,ATL,BQK
2014-11-21,1121211,-1,346,ATL,OAJ
2014-11-21,1121210,88,479,ATL,SHV
2014-11-21,1121051,-3,489,ATL,SGF
2014-11-21,1121154,-3,125,ATL,AGS
2014-11-21,1121210,-6,328,ATL,ILM
2014-11-21,1121020,-5,194,ATL,TLH
2014-11-21,1121106,21,287,ATL,FAY
2014-11-21,1121151,-5,390,ATL,BTR
2014-11-21,1121018,7,463,ATL,BMI
2014-11-21,1121035,11,389,ATL,MLU
2014-11-21,1121028,-5,148,ATL,DHN
2014-11-21,1121032,154,296,ATL,JAN
2014-11-21,1121057,14,586,ATL,TUL
2014-11-21,1121015,-2,698,ATL,GRK
2014-11-21,1121005,-6,209,ATL,GTR
2014-11-21,1121110,9,603,ATL,CID
2014-11-21,1121000,36,435,ATL,AEX
2014-11-21,1121040,-3,264,ATL,LEX
2014-11-21,1121026,-5,72,ATL,CSG
2014-11-21,1121205,1,310,ATL,ROA
2014-11-21,1121040,-1,397,ATL,CHO
2014-11-21,1121152,1,92,ATL,CHA
2014-11-21,1121026,16,126,ATL,ABY
2014-11-21,1121000,71,437,ATL,LFT
2014-11-21,1121112,-4,442,ATL,PHF
2014-11-21,1121217,-6,266,ATL,GSO
2014-11-21,1121207,-3,261,ATL,GNV
2014-11-21,1121216,35,316,ATL,CRW
2014-11-21,1121035,-2,261,ATL,GNV
2014-11-21,1121050,21,143,ATL,AVL
2014-11-21,1121025,12,125,ATL,AGS
2014-11-21,1121135,-4,127,ATL,MGM
2014-11-21,1121235,7,143,ATL,AVL
2014-11-21,1121050,31,262,ATL,MOB
2014-11-21,1121035,-8,279,ATL,SDF
2014-11-21,1121040,6,501,ATL,BWI
2014-11-21,1121035,-6,376,ATL,DAY
2014-11-21,1121230,-4,447,ATL,RSW
2014-11-21,1121130,37,662,ATL,LGA
2014-11-21,1121228,11,788,ATL,MSP
2014-11-21,1121230,0,581,ATL,MKE
2014-11-21,1121230,38,309,ATL,RDU
2014-11-21,1121230,0,505,ATL,FLL
2014-11-21,1121035,-3,234,ATL,JAX
2014-11-21,1121035,6,516,ATL,DTW
2014-11-21,1121047,18,457,ATL,PIT
2014-11-21,1121225,-4,369,ATL,MSY
2014-11-21,1121030,-4,747,ATL,BDL
2014-11-21,1121224,-3,353,ATL,TPA
2014-11-21,1121030,6,449,ATL,ORF
2014-11-21,1121035,8,513,ATL,MDW
2014-11-21,1121021,-2,375,ATL,IND
2014-11-21,1121150,-4,662,ATL,LGA
2014-11-21,1121005,60,517,ATL,MIA
2014-11-21,1121005,14,441,ATL,FWA
2014-11-21,1121010,164,1133,ATL,ASE
2014-11-21,1121221,-7,464,ATL,IAD
2014-11-21,1121220,34,527,ATL,ORD
2014-11-21,1121129,-1,1379,ATL,PHX
2014-11-21,1121055,-6,579,ATL,PHL
2014-11-21,1121045,0,197,ATL,CLT
2014-11-21,1121230,-5,513,ATL,MDW
2014-11-21,1121000,-5,353,ATL,TPA
2014-11-21,1121100,16,351,ATL,MCO
2014-11-21,1121035,1,605,ATL,HOU
2014-11-21,1121230,2,501,ATL,BWI
2014-11-21,1121155,-5,1042,ATL,DEN
2014-11-21,1121125,-4,1644,ATL,SAN
2014-11-21,1121120,-3,1518,ATL,LAS
2014-11-21,1121130,-5,139,ATW,ORD
2014-11-21,1121015,3,1322,AUS,JFK
2014-11-21,1121230,-9,1079,AUS,LAX
2014-11-21,1121235,44,850,AUS,ORD
2014-11-21,1121000,-3,165,AUS,DFW
2014-11-21,1121115,-4,165,AUS,DFW
2014-11-21,1121155,-8,165,AUS,DFW
2014-11-21,1121150,88,960,AUS,FLL
2014-11-21,1121210,-4,706,AUS,ATL
2014-11-21,1121045,-7,706,AUS,ATL
2014-11-21,1121151,-7,122,AUS,IAH
2014-11-21,1121027,57,1307,AUS,SFO
2014-11-21,1121215,-3,706,AUS,ATL
2014-11-21,1121035,-3,164,AUS,DAL
2014-11-21,1121215,-3,1301,AUS,OAK
2014-11-21,1121050,-3,386,AUS,MSY
2014-11-21,1121140,3,164,AUS,DAL
2014-11-21,1121050,-8,1307,AUS,EWR
2014-11-21,1121025,-5,129,AUS,HOU
2014-11-21,1121100,-2,1012,AUS,SAN
2014-11-21,1121110,3,1166,AUS,BWI
2014-11-21,1121215,-1,143,AVL,ATL
2014-11-21,1121025,-5,143,AVL,ATL
2014-11-21,1121134,9,1026,BDL,RSW
2014-11-21,1121025,12,984,BDL,PBI
2014-11-21,1121021,-4,747,BDL,ATL
2014-11-21,1121145,-3,246,BDL,BWI
2014-11-21,1121125,-4,1241,BFL,IAH
2014-11-21,1121105,9,95,BFL,LAX
2014-11-21,1121200,-3,117,BHM,ATL
2014-11-21,1121045,-4,117,BHM,ATL
2014-11-21,1121019,-3,489,BHM,IAH
2014-11-21,1121020,-7,519,BHM,DFW
2014-11-21,1121225,-12,574,BHM,MIA
2014-11-21,1121215,2,1406,BHM,LAS
2014-11-21,1121008,-7,395,BIL,DEN
2014-11-21,1121145,-9,337,BIL,SLC
2014-11-21,1121145,0,463,BMI,ATL
2014-11-21,1121140,-17,548,BNA,DFW
2014-11-21,1121045,68,186,BNA,ATL
2014-11-21,1121024,-6,571,BNA,IAH
2014-11-21,1121226,5,650,BNA,EWR
2014-11-21,1121135,-7,356,BNA,ORD
2014-11-21,1121040,-10,664,BNA,LGA
2014-11-21,1121000,15,700,BNA,MIA
2014-11-21,1121215,-2,664,BNA,LGA
2014-11-21,1121155,-5,396,BNA,DTW
2014-11-21,1121036,0,396,BNA,DTW
2014-11-21,1121011,-3,604,BNA,MSP
2014-11-21,1121114,-11,285,BNA,CLT
2014-11-21,1121145,-4,384,BNA,RDU
2014-11-21,1121040,-4,420,BNA,JAX
2014-11-21,1121200,31,819,BNA,BOS
2014-11-21,1121235,8,409,BNA,MSY
2014-11-21,1121200,50,650,BNA,EWR
2014-11-21,1121125,-3,401,BNA,PIT
2014-11-21,1121000,-3,348,BNA,ECP
2014-11-21,1121230,3,582,BNA,HOU
2014-11-21,1121125,-3,587,BNA,PHL
2014-11-21,1121115,3,535,BNA,MCO
2014-11-21,1121050,-5,510,BNA,BWI
2014-11-21,1121127,-3,454,BOI,SFO
2014-11-21,1121008,-15,564,BOI,DEN
2014-11-21,1121056,-8,586,BOI,LAX
2014-11-21,1121150,-3,451,BOI,LAS
2014-11-21,1121045,-8,162,BOS,JFK
2014-11-21,1121035,-3,753,BOS,ORD
2014-11-21,1121105,-7,1093,BOS,MIA
2014-11-21,1121215,38,753,BOS,ORD
2014-11-21,1121214,1,162,BOS,JFK
2014-11-21,1121110,2,753,BOS,ORD
2014-11-21,1121202,30,1029,BOS,TPA
2014-11-21,1121021,14,347,BOS,DCA
2014-11-21,1121115,4,347,BOS,DCA
2014-11-21,1121015,-2,2169,BOS,SEA
2014-11-21,1121219,-5,347,BOS,DCA
2014-11-21,1121030,6,162,BOS,JFK
2014-11-21,1121023,-2,1060,BOS,SRQ
2014-11-21,1121139,-2,243,BOS,PHL
2014-11-21,1121025,3,1086,BOS,RSW
2014-11-21,1121040,-4,412,BOS,RIC
2014-11-21,1121059,-6,532,BOS,RDU
2014-11-21,1121040,-3,711,BOS,CHS
2014-11-21,1121201,-2,321,BOS,BWI
2014-11-21,1121125,19,1075,BOS,FLL
2014-11-21,1121228,172,549,BOS,DTW
2014-11-21,1121126,-1,977,BOS,MSP
2014-11-21,1121215,46,822,BOS,ATL
2014-11-21,1121045,-1,549,BOS,DTW
2014-11-21,1121100,-4,822,BOS,ATL
2014-11-21,1121210,-10,822,BOS,ATL
2014-11-21,1121236,-10,1388,BOS,IAH
2014-11-21,1121034,0,174,BOS,EWR
2014-11-21,1121101,21,2350,BOS,SFO
2014-11-21,1121215,5,753,BOS,ORD
2014-11-21,1121000,-6,1999,BOS,PHX
2014-11-21,1121130,-1,243,BOS,PHL
2014-11-21,1121106,-6,633,BOS,CLT
2014-11-21,1121000,-7,347,BOS,DCA
2014-11-21,1121100,1,347,BOS,DCA
2014-11-21,1121200,15,347,BOS,DCA
2014-11-21,1121000,10,160,BOS,LGA
2014-11-21,1121100,-6,160,BOS,LGA
2014-11-21,1121200,0,160,BOS,LGA
2014-11-21,1121145,2,321,BOS,BWI
2014-11-21,1121115,9,1092,BOS,MCI
2014-11-21,1121040,-4,321,BOS,BWI
2014-11-21,1121110,-6,235,BPT,DFW
2014-11-21,1121159,-5,207,BQK,ATL
2014-11-21,1121120,74,1369,BQN,JFK
2014-11-21,1121200,-10,419,BRO,DFW
2014-11-21,1121047,-7,268,BRO,IAH
2014-11-21,1121112,-8,437,BRW,FAI
2014-11-21,1121025,-10,220,BTR,IAH
2014-11-21,1121132,-5,220,BTR,IAH
2014-11-21,1121045,6,390,BTR,ATL
2014-11-21,1121035,5,333,BTR,DFW
2014-11-21,1121235,-12,333,BTR,DFW
2014-11-21,1121120,-6,232,BTV,JFK
2014-11-21,1121148,0,224,BTV,LGA
2014-11-21,1121227,3,262,BUF,JFK
2014-11-21,1121051,-2,619,BUF,ATL
2014-11-21,1121106,-9,245,BUF,EWR
2014-11-21,1121023,-3,411,BUF,ORD
2014-11-21,1121220,-5,411,BUF,ORD
2014-11-21,1121150,-6,475,BUF,CLT
2014-11-21,1121135,12,1013,BUF,FLL
2014-11-21,1121100,6,878,BUF,MCO
2014-11-21,1121100,-19,814,BUR,SEA
2014-11-21,1121120,-2,283,BUR,OAK
2014-11-21,1121230,-4,739,BUR,DEN
2014-11-21,1121005,-1,283,BUR,OAK
2014-11-21,1121155,-5,257,BUR,SJC
2014-11-21,1121225,4,283,BUR,OAK
2014-11-21,1121035,-4,311,BUR,SMF
2014-11-21,1121040,-2,321,BUR,PHX
2014-11-21,1121125,1,194,BUR,LAS
2014-11-21,1121010,0,257,BUR,SJC
2014-11-21,1121110,-1,822,BWI,MIA
2014-11-21,1121040,-10,321,BWI,BOS
2014-11-21,1121000,-6,501,BWI,ATL
2014-11-21,1121115,-2,501,BWI,ATL
2014-11-21,1121230,-3,501,BWI,ATL
2014-11-21,1121225,23,813,BWI,MSP
2014-11-21,1121022,0,684,BWI,MCO
2014-11-21,1121210,6,321,BWI,BOS
2014-11-21,1121217,8,353,BWI,DAY
2014-11-21,1121200,-10,799,BWI,RSW
2014-11-21,1121035,0,804,BWI,FLL
2014-11-21,1121205,0,314,BWI,CLT
2014-11-21,1121005,-2,501,BWI,ATL
2014-11-21,1121000,-6,246,BWI,BDL
2014-11-21,1121000,-1,321,BWI,BOS
2014-11-21,1121200,2,501,BWI,ATL
2014-11-21,1121105,1,732,BWI,TPA
2014-11-21,1121130,170,593,BWI,BHM
2014-11-21,1121145,1,804,BWI,FLL
2014-11-21,1121005,12,1451,BWI,ABQ
2014-11-21,1121150,-5,246,BWI,BDL
2014-11-21,1121020,-2,222,BWI,RDU
2014-11-21,1121010,-1,2024,BWI,LAX
2014-11-21,1121145,-4,684,BWI,MCO
2014-11-21,1121015,0,510,BWI,BNA
2014-11-21,1121100,0,393,BWI,PWM
2014-11-21,1121030,3,531,BWI,MDW
2014-11-21,1121000,-5,244,BWI,BUF
2014-11-21,1121125,-1,459,BWI,GRR
2014-11-21,1121000,-1,393,BWI,FNT
2014-11-21,1121000,-4,327,BWI,MHT
2014-11-21,1121235,12,251,BWI,ALB
2014-11-21,1121000,-2,284,BWI,PVD
2014-11-21,1121230,97,684,BWI,MEM
2014-11-21,1121115,-1,138,BWI,ORF
2014-11-21,1121217,-7,701,BZN,SFO
2014-11-21,1121217,24,166,CAE,ATL
2014-11-21,1121019,-5,166,CAE,ATL
2014-11-21,1121231,-7,507,CAE,DTW
2014-11-21,1121011,0,348,CAE,IAD
2014-11-21,1121205,12,801,CAE,DFW
2014-11-21,1121109,-2,459,CAK,ATL
2014-11-21,1121046,-7,298,CAK,ORD
2014-11-21,1121126,-10,748,CAK,MCO
2014-11-21,1121018,-5,92,CHA,ATL
2014-11-21,1121239,-5,397,CHO,ATL
2014-11-21,1121046,5,553,CHS,JFK
2014-11-21,1121005,-2,225,CHS,ATL
2014-11-21,1121217,-12,546,CHS,EWR
2014-11-21,1121013,-10,384,CHS,IAD
2014-11-21,1121130,-5,661,CHS,ORD
2014-11-21,1121230,-4,858,CHS,DFW
2014-11-21,1121150,-2,410,CHS,BWI
2014-11-21,1121155,53,133,CIC,SFO
2014-11-21,1121015,-10,374,CID,DTW
2014-11-21,1121122,78,170,CID,ORD
2014-11-21,1121215,4,595,CID,DFW
2014-11-21,1121132,0,75,CLD,LAX
2014-11-21,1121112,-3,482,CLE,ATL
2014-11-21,1121210,-2,413,CLE,BDL
2014-11-21,1121125,15,489,CLE,BOS
2014-11-21,1121238,-8,1043,CLE,DEN
2014-11-21,1121208,-1,361,CLE,RDU
2014-11-21,1121228,-7,274,CLE,ORD
2014-11-21,1121230,-5,603,CLE,MCI
2014-11-21,1121225,-5,887,CLE,DFW
2014-11-21,1121236,-5,227,CLE,IND
2014-11-21,1121055,2,274,CLE,ORD
2014-11-21,1121220,13,369,CLE,JFK
2014-11-21,1121035,-4,364,CLE,LGA
2014-11-21,1121140,-5,948,CLE,IAH
2014-11-21,1121123,-4,351,CLE,EWR
2014-11-21,1121202,-8,374,CLE,CLT
2014-11-21,1121020,-6,374,CLE,CLT
2014-11-21,1121105,-1,266,CLE,MDW
2014-11-21,1121200,-4,389,CLE,BNA
2014-11-21,1121225,-1,142,CLL,DFW
2014-11-21,1121130,-3,813,CLT,DFW
2014-11-21,1121105,74,470,CLT,JFK
2014-11-21,1121009,-13,633,CLT,BOS
2014-11-21,1121110,-10,197,CLT,ATL
2014-11-21,1121122,10,793,CLT,IAH
2014-11-21,1121230,347,459,CLT,EWR
2014-11-21,1121230,-4,434,CLT,DTW
2014-11-21,1121110,-6,808,CLT,MSP
2014-11-21,1121045,-3,521,CLT,ORD
2014-11-21,1121030,0,565,CLT,MIA
2014-11-21,1121145,-10,473,CLT,LGA
2014-11-21,1121150,-3,1162,CLT,DEN
2014-11-21,1121120,18,470,CLT,JFK
2014-11-21,1121115,-3,459,CLT,EWR
2014-11-21,1121150,-3,1281,CLT,SJU
2014-11-21,1121145,334,1321,CLT,STT
2014-11-21,1121120,3,407,CLT,MCO
2014-11-21,1121135,-2,288,CLT,DCA
2014-11-21,1121120,-2,1665,CLT,LAS
2014-11-21,1121124,-5,1541,CLT,PHX
2014-11-21,1121149,-8,285,CLT,JAX
2014-11-21,1121020,-7,560,CLT,BDL
2014-11-21,1121125,3,390,CLT,PHL
2014-11-21,1121117,5,566,CLT,MSY
2014-11-21,1121145,-2,565,CLT,MIA
2014-11-21,1121150,-4,521,CLT,ORD
2014-11-21,1121115,-7,161,CLT,ILM
2014-11-21,1121000,-4,473,CLT,LGA
2014-11-21,1121120,-5,513,CLT,PBI
2014-11-21,1121135,13,314,CLT,BWI
2014-11-21,1121155,-8,459,CLT,EWR
2014-11-21,1121128,12,633,CLT,BOS
2014-11-21,1121120,-4,113,CLT,RDU
2014-11-21,1121145,-9,549,CLT,FLL
2014-11-21,1121150,0,562,CLT,ALB
2014-11-21,1121130,2,702,CLT,MCI
2014-11-21,1121135,-3,441,CLT,TPA
2014-11-21,1121140,61,473,CLT,LGA
2014-11-21,1121120,-1,793,CLT,IAH
2014-11-21,1121150,2,197,CLT,ATL
2014-11-21,1121155,-2,521,CLT,RSW
2014-11-21,1121120,-3,434,CLT,DTW
2014-11-21,1121120,-1,813,CLT,DFW
2014-11-21,1121010,-2,407,CLT,MCO
2014-11-21,1121115,-2,507,CLT,MDW
2014-11-21,1121220,-5,805,CMH,DFW
2014-11-21,1121040,-4,856,CMH,IAH
2014-11-21,1121237,-3,388,CMH,ATL
2014-11-21,1121025,-5,257,CMH,ORD
2014-11-21,1121110,-6,416,CMH,LGA
2014-11-21,1121205,-4,257,CMH,ORD
2014-11-21,1121015,-6,1003,CMH,DEN
2014-11-21,1121105,-2,697,CMH,MCO
2014-11-21,1121050,-4,246,CMH,MDW
2014-11-21,1121135,-1,293,CMH,BWI
2014-11-21,1121225,0,118,CMI,ORD
2014-11-21,1121045,-6,792,COS,ORD
2014-11-21,1121115,-5,724,COS,LAX
2014-11-21,1121217,1,200,CPR,DEN
2014-11-21,1121135,-8,278,CPR,SLC
2014-11-21,1121039,-15,175,CRP,IAH
2014-11-21,1121220,-4,308,CRP,DFW
2014-11-21,1121035,-14,308,CRP,DFW
2014-11-21,1121200,-4,162,CRP,HOU
2014-11-21,1121100,-6,316,CRW,ATL
2014-11-21,1121140,-9,72,CSG,ATL
2014-11-21,1121200,-5,324,CVG,ATL
2014-11-21,1121102,-13,495,CVG,EWR
2014-11-21,1121045,-7,705,CVG,DFW
2014-11-21,1121230,-3,512,CVG,JFK
2014-11-21,1121044,-12,230,CVG,ORD
2014-11-21,1121120,-4,318,DAB,ATL
2014-11-21,1121239,86,188,DAL,IAH
2014-11-21,1121104,-5,188,DAL,IAH
2014-11-21,1121000,-3,277,DAL,MAF
2014-11-21,1121200,-5,208,DAL,HOU
2014-11-21,1121230,3,208,DAL,HOU
2014-11-21,1121010,4,488,DAL,ELP
2014-11-21,1121205,-1,215,DAL,SAT
2014-11-21,1121130,3,206,DAL,TUL
2014-11-21,1121155,-4,255,DAL,LBB
2014-11-21,1121020,11,164,DAL,AUS
2014-11-21,1121225,0,504,DAL,ABQ
2014-11-21,1121025,1,474,DAL,STL
2014-11-21,1121120,-4,400,DAL,MCI
2014-11-21,1121100,-2,208,DAL,HOU
2014-11-21,1121000,0,208,DAL,HOU
2014-11-21,1121235,18,164,DAL,AUS
2014-11-21,1121050,4,215,DAL,SAT
2014-11-21,1121200,-1,281,DAL,AMA
2014-11-21,1121230,6,379,DAL,MSY
2014-11-21,1121031,-6,376,DAY,ATL
2014-11-21,1121233,0,376,DAY,ATL
2014-11-21,1121021,-3,319,DAY,IAD
2014-11-21,1121051,-12,464,DAY,EWR
2014-11-21,1121200,-8,209,DAY,ORD
2014-11-21,1121005,-1,128,DBQ,ORD
2014-11-21,1121059,9,1036,DCA,DFW
2014-11-21,1121110,-1,799,DCA,MIA
2014-11-21,1121150,0,707,DCA,TPA
2014-11-21,1121055,-8,347,DCA,BOS
2014-11-21,1121236,-1,347,DCA,BOS
2014-11-21,1121000,-7,660,DCA,MCO
2014-11-21,1121100,-4,475,DCA,ATL
2014-11-21,1121200,-4,475,DCA,ATL
2014-11-21,1121229,-5,352,DCA,DTW
2014-11-21,1121145,-6,809,DCA,MSP
2014-11-21,1121022,-4,269,DCA,CLE
2014-11-21,1121100,0,551,DCA,MKE
2014-11-21,1121015,-8,625,DCA,STL
2014-11-21,1121045,20,185,DCA,JFK
2014-11-21,1121155,9,488,DCA,BNA
2014-11-21,1121210,5,532,DCA,ORD
2014-11-21,1121154,-4,1049,DCA,IAH
2014-11-21,1121020,-2,1719,DCA,PHX
2014-11-21,1121200,-7,288,DCA,CLT
2014-11-21,1121133,-8,707,DCA,TPA
2014-11-21,1121144,-8,660,DCA,MCO
2014-11-21,1121000,-4,660,DCA,MCO
2014-11-21,1121025,-3,781,DCA,FLL
2014-11-21,1121100,-2,288,DCA,CLT
2014-11-21,1121030,-5,347,DCA,BOS
2014-11-21,1121130,-2,347,DCA,BOS
2014-11-21,1121230,39,347,DCA,BOS
2014-11-21,1121100,36,186,DCA,LGA
2014-11-21,1121200,-6,186,DCA,LGA
2014-11-21,1121205,-5,625,DCA,STL
2014-11-21,1121155,-3,557,DEN,DFW
2014-11-21,1121045,-3,557,DEN,DFW
2014-11-21,1121115,-11,890,DEN,SEA
2014-11-21,1121220,27,1524,DEN,BOS
2014-11-21,1121115,7,591,DEN,MSP
2014-11-21,1121055,-6,1407,DEN,LGA
2014-11-21,1121029,369,1042,DEN,ATL
2014-11-21,1121145,-1,976,DEN,DTW
2014-11-21,1121235,18,261,DEN,RAP
2014-11-21,1121109,-5,263,DEN,SAF
2014-11-21,1121000,36,941,DEN,BHM
2014-11-21,1121033,8,490,DEN,ELP
2014-11-21,1121033,-3,890,DEN,SDF
2014-11-21,1121027,3,312,DEN,AMA
2014-11-21,1121000,5,501,DEN,ISN
2014-11-21,1121034,-4,911,DEN,HSV
2014-11-21,1121142,6,63,DEN,COS
2014-11-21,1121040,1,396,DEN,LBB
2014-11-21,1121120,12,591,DEN,MSP
2014-11-21,1121135,-11,557,DEN,DFW
2014-11-21,1121012,7,512,DEN,DSM
2014-11-21,1121025,-4,430,DEN,OKC
2014-11-21,1121120,2,674,DEN,AUS
2014-11-21,1121022,0,881,DEN,BNA
2014-11-21,1121055,-7,1407,DEN,LGA
2014-11-21,1121052,-10,778,DEN,MDW
2014-11-21,1121202,39,340,DEN,SLC
2014-11-21,1121022,-2,849,DEN,IND
2014-11-21,1121215,0,840,DEN,SFO
2014-11-21,1121012,8,923,DEN,MSY
2014-11-21,1121200,2,1396,DEN,RSW
2014-11-21,1121150,-1,1282,DEN,DCA
2014-11-21,1121220,-9,861,DEN,PDX
2014-11-21,1121012,8,463,DEN,MCI
2014-11-21,1121155,-5,749,DEN,LAX
2014-11-21,1121125,-7,340,DEN,SLC
2014-11-21,1121104,32,132,DEN,GUC
2014-11-21,1121116,-9,449,DEN,SGU
2014-11-21,1121115,101,272,DEN,GCC
2014-11-21,1121115,-4,564,DEN,BOI
2014-11-21,1121117,18,733,DEN,FAT
2014-11-21,1121000,-11,525,DEN,MOT
2014-11-21,1121216,87,109,DEN,ASE
2014-11-21,1121115,-6,734,DEN,BFL
2014-11-21,1121115,16,109,DEN,ASE
2014-11-21,1121126,15,824,DEN,SJC
2014-11-21,1121138,-6,711,DEN,ONT
2014-11-21,1121235,-7,654,DEN,FCA
2014-11-21,1121130,-8,674,DEN,PSP
2014-11-21,1121044,12,200,DEN,CPR
2014-11-21,1121136,0,109,DEN,ASE
2014-11-21,1121047,-5,542,DEN,GTF
2014-11-21,1121121,-1,866,DEN,EUG
2014-11-21,1121217,11,555,DEN,TUS
2014-11-21,1121111,3,739,DEN,BUR
2014-11-21,1121115,-3,398,DEN,IDA
2014-11-21,1121000,11,1396,DEN,RSW
2014-11-21,1121112,1,790,DEN,SMF
2014-11-21,1121002,-2,840,DEN,SFO
2014-11-21,1121117,-3,340,DEN,SLC
2014-11-21,1121238,-7,699,DEN,RNO
2014-11-21,1121032,0,1407,DEN,LGA
2014-11-21,1121130,-5,2924,DEN,HNL
2014-11-21,1121012,-2,1309,DEN,TPA
2014-11-21,1121134,-6,1395,DEN,EWR
2014-11-21,1121132,-6,861,DEN,PDX
2014-11-21,1121026,1,1282,DEN,DCA
2014-11-21,1121043,6,1262,DEN,IAD
2014-11-21,1121134,4,772,DEN,ORD
2014-11-21,1121115,45,353,DEN,JAC
2014-11-21,1121000,13,1121,DEN,PIT
2014-11-21,1121007,0,1344,DEN,MCO
2014-11-21,1121121,-6,749,DEN,LAX
2014-11-21,1121029,3,749,DEN,LAX
2014-11-21,1121136,0,1262,DEN,IAD
2014-11-21,1121025,-3,557,DEN,DFW
2014-11-21,1121146,-2,2870,DEN,OGG
2014-11-21,1121225,-2,726,DEN,GEG
2014-11-21,1121004,1,749,DEN,IAH
2014-11-21,1121117,7,523,DEN,PHX
2014-11-21,1121222,22,749,DEN,IAH
2014-11-21,1121120,-3,735,DEN,SNA
2014-11-21,1121200,-2,546,DEN,LAS
2014-11-21,1121026,4,923,DEN,MSY
2014-11-21,1121118,2,890,DEN,SEA
2014-11-21,1121115,-1,395,DEN,BIL
2014-11-21,1121120,11,840,DEN,SFO
2014-11-21,1121122,9,741,DEN,SAN
2014-11-21,1121006,4,1395,DEN,EWR
2014-11-21,1121003,28,772,DEN,ORD
2014-11-21,1121130,1,749,DEN,IAH
2014-11-21,1121233,17,1395,DEN,EWR
2014-11-21,1121000,31,1480,DEN,FLL
2014-11-21,1121215,-7,523,DEN,PHX
2014-11-21,1121105,-5,1353,DEN,PHL
2014-11-21,1121210,3,1162,DEN,CLT
2014-11-21,1121017,-6,1162,DEN,CLT
2014-11-21,1121045,1,430,DEN,OKC
2014-11-21,1121040,18,923,DEN,MSY
2014-11-21,1121200,27,767,DEN,HOU
2014-11-21,1121030,9,1296,DEN,BWI
2014-11-21,1121135,140,1262,DEN,IAD
2014-11-21,1121205,3,840,DEN,SFO
2014-11-21,1121040,19,591,DEN,MSP
2014-11-21,1121210,27,690,DEN,SAT
2014-11-21,1121205,11,1064,DEN,CAK
2014-11-21,1121035,-1,463,DEN,MCI
2014-11-21,1121000,-6,1480,DEN,FLL
2014-11-21,1121205,-2,861,DEN,PDX
2014-11-21,1121035,5,410,DEN,OMA
2014-11-21,1121035,5,778,DEN,MKE
2014-11-21,1121210,29,312,DEN,AMA
2014-11-21,1121205,20,790,DEN,SMF
2014-11-21,1121205,4,824,DEN,SJC
2014-11-21,1121205,-4,832,DEN,OAK
2014-11-21,1121210,11,340,DEN,SLC
2014-11-21,1121210,4,741,DEN,SAN
2014-11-21,1121130,14,1395,DEN,EWR
2014-11-21,1121040,46,881,DEN,BNA
2014-11-21,1121035,4,849,DEN,IND
2014-11-21,1121135,-3,943,DEN,DAY
2014-11-21,1121035,2,1407,DEN,LGA
2014-11-21,1121110,7,1042,DEN,ATL
2014-11-21,1121120,17,778,DEN,MDW
2014-11-21,1121215,10,669,DEN,STL
2014-11-21,1121205,11,749,DEN,LAX
2014-11-21,1121045,-4,1003,DEN,CMH
2014-11-21,1121235,23,463,DEN,MCI
2014-11-21,1121110,10,546,DEN,LAS
2014-11-21,1121200,11,3224,DFW,OGG
2014-11-21,1121120,9,857,DFW,DTW
2014-11-21,1121155,-2,1017,DFW,SAN
2014-11-21,1121055,4,1209,DFW,JFK
2014-11-21,1121035,3,1033,DFW,ONT
2014-11-21,1121010,-2,557,DFW,DEN
2014-11-21,1121050,-4,3288,DFW,HNL
2014-11-21,1121225,-4,514,DFW,COS
2014-11-21,1121135,19,1036,DFW,DCA
2014-11-21,1121150,-2,859,DFW,SLC
2014-11-21,1121055,-2,478,DFW,STL
2014-11-21,1121145,13,1057,DFW,BWI
2014-11-21,1121135,-2,389,DFW,MSY
2014-11-21,1121235,2,494,DFW,ABQ
2014-11-21,1121235,1,478,DFW,STL
2014-11-21,1121035,-1,1036,DFW,DCA
2014-11-21,1121005,3,859,DFW,SLC
2014-11-21,1121140,-2,165,DFW,AUS
2014-11-21,1121110,12,668,DFW,HDN
2014-11-21,1121210,-6,479,DFW,ELP
2014-11-21,1121210,14,917,DFW,LAS
2014-11-21,1121020,14,636,DFW,ATL
2014-11-21,1121035,-5,856,DFW,MCO
2014-11-21,1121140,-2,922,DFW,RDU
2014-11-21,1121125,0,805,DFW,CMH
2014-11-21,1121155,-5,636,DFW,ATL
2014-11-21,1121230,-2,400,DFW,MCI
2014-11-21,1121100,0,244,DFW,XNA
2014-11-21,1121000,-3,974,DFW,MIA
2014-11-21,1121145,0,557,DFW,DEN
2014-11-21,1121225,-2,740,DFW,MSP
2014-11-21,1121030,-2,400,DFW,MCI
2014-11-21,1121115,36,813,DFW,CLT
2014-11-21,1121235,-3,1357,DFW,BOS
2014-11-21,1121045,-3,706,DFW,TUS
2014-11-21,1121020,1,754,DFW,PHX
2014-11-21,1121045,0,1207,DFW,LGA
2014-11-21,1121150,-4,1207,DFW,LGA
2014-11-21,1121100,-6,798,DFW,JAX
2014-11-21,1121005,1,1207,DFW,LGA
2014-11-21,1121030,-4,479,DFW,ELP
2014-11-21,1121010,-7,1047,DFW,SNA
2014-11-21,1121050,0,1250,DFW,SJC
2014-11-21,1121020,3,1357,DFW,BOS
2014-11-21,1121000,-7,206,DFW,TUL
2014-11-21,1121220,1,706,DFW,TUS
2014-11-21,1121055,-4,1017,DFW,SAN
2014-11-21,1121150,8,1018,DFW,IAD
2014-11-21,1121155,-1,214,DFW,SAT
2014-11-21,1121205,-1,978,DFW,PSP
2014-11-21,1121100,-5,807,DFW,TPA
2014-11-21,1121120,14,974,DFW,MIA
2014-11-21,1121210,-7,626,DFW,EGE
2014-11-21,1121015,0,264,DFW,LIT
2014-11-21,1121225,-2,974,DFW,MIA
2014-11-21,1121135,59,1357,DFW,BOS
2014-11-21,1121030,52,972,DFW,FLL
2014-11-21,1121035,-3,1273,DFW,SFO
2014-11-21,1121130,2,1132,DFW,PHL
2014-11-21,1121020,1,917,DFW,LAS
2014-11-21,1121105,44,1047,DFW,SNA
2014-11-21,1121235,7,1047,DFW,SNA
2014-11-21,1121125,-5,152,DFW,OKC
2014-11-21,1121215,-1,1141,DFW,FAT
2014-11-21,1121005,-5,494,DFW,ABQ
2014-11-21,1121130,-3,1273,DFW,SFO
2014-11-21,1121125,-4,917,DFW,LAS
2014-11-21,1121005,-1,214,DFW,SAT
2014-11-21,1121110,2,214,DFW,SAT
2014-11-21,1121215,26,1243,DFW,SMF
2014-11-21,1121050,-4,165,DFW,AUS
2014-11-21,1121050,-3,1442,DFW,SEA
2014-11-21,1121100,-6,548,DFW,BNA
2014-11-21,1121120,-8,308,DFW,CRP
2014-11-21,1121130,47,697,DFW,ORD
2014-11-21,1121030,6,1073,DFW,LAX
2014-11-21,1121205,16,1073,DFW,LAX
2014-11-21,1121200,-1,754,DFW,PHX
2014-11-21,1121205,2,1192,DFW,EWR
2014-11-21,1121137,-14,1357,DFW,BOS
2014-11-21,1121215,-3,636,DFW,ATL
2014-11-21,1121120,0,857,DFW,DTW
2014-11-21,1121110,-7,636,DFW,ATL
2014-11-21,1121110,-2,199,DFW,SJT
2014-11-21,1121140,0,809,DFW,GRR
2014-11-21,1121045,33,165,DFW,SHV
2014-11-21,1121000,0,268,DFW,MAF
2014-11-21,1121020,-3,557,DFW,VPS
2014-11-21,1121145,-9,165,DFW,SHV
2014-11-21,1121105,6,271,DFW,AMA
2014-11-21,1121220,-2,344,DFW,LRD
2014-11-21,1121051,-5,195,DFW,IAH
2014-11-21,1121123,-1,195,DFW,IAH
2014-11-21,1121004,0,740,DFW,MSP
2014-11-21,1121109,-6,557,DFW,DEN
2014-11-21,1121019,-8,557,DFW,DEN
2014-11-21,1121135,-1,122,DFW,LAW
2014-11-21,1121020,-4,378,DFW,ROW
2014-11-21,1121020,-2,78,DFW,ACT
2014-11-21,1121135,-4,316,DFW,SGF
2014-11-21,1121230,-5,264,DFW,LIT
2014-11-21,1121105,-4,525,DFW,PNS
2014-11-21,1121220,0,841,DFW,FAR
2014-11-21,1121025,-8,705,DFW,CVG
2014-11-21,1121220,-4,725,DFW,RAP
2014-11-21,1121035,173,137,DFW,ABI
2014-11-21,1121115,-7,670,DFW,TYS
2014-11-21,1121145,-4,98,DFW,SPS
2014-11-21,1121030,-6,308,DFW,CRP
2014-11-21,1121005,25,215,DFW,HOU
2014-11-21,1121230,-1,714,DFW,MSN
2014-11-21,1121210,-4,256,DFW,LCH
2014-11-21,1121005,0,478,DFW,SAF
2014-11-21,1121055,-7,627,DFW,MTJ
2014-11-21,1121030,-3,355,DFW,JAN
2014-11-21,1121015,39,469,DFW,MOB
2014-11-21,1121125,-6,117,DFW,GRK
2014-11-21,1121010,-6,305,DFW,LFT
2014-11-21,1121050,-4,333,DFW,BTR
2014-11-21,1121230,45,355,DFW,JAN
2014-11-21,1121055,-8,157,DFW,TXK
2014-11-21,1121140,-5,425,DFW,COU
2014-11-21,1121040,-4,586,DFW,DRO
2014-11-21,1121215,-5,595,DFW,CID
2014-11-21,1121155,-5,542,DFW,DSM
2014-11-21,1121010,-6,122,DFW,GGG
2014-11-21,1121105,1,142,DFW,CLL
2014-11-21,1121015,-9,584,DFW,PIA
2014-11-21,1121225,-5,199,DFW,SJT
2014-11-21,1121205,-6,754,DFW,PHX
2014-11-21,1121020,-2,813,DFW,CLT
2014-11-21,1121215,-7,813,DFW,CLT
2014-11-21,1121000,-10,1073,DFW,LAX
2014-11-21,1121055,-4,148,DHN,ATL
2014-11-21,1121049,0,345,DLH,ORD
2014-11-21,1121220,2,586,DRO,DFW
2014-11-21,1121230,-16,305,DRO,PHX
2014-11-21,1121135,-6,646,DSM,ATL
2014-11-21,1121140,-1,542,DSM,DFW
2014-11-21,1121045,-5,260,DSM,ORD
2014-11-21,1121125,5,266,DSM,MDW
2014-11-21,1121000,-7,1056,DSM,LAS
2014-11-21,1121209,-3,516,DTW,ATL
2014-11-21,1121000,-2,516,DTW,ATL
2014-11-21,1121215,2,857,DTW,DFW
2014-11-21,1121000,-5,942,DTW,RSW
2014-11-21,1121002,2,549,DTW,BOS
2014-11-21,1121159,-1,206,DTW,MKE
2014-11-21,1121222,0,355,DTW,BWI
2014-11-21,1121215,-6,976,DTW,DEN
2014-11-21,1121220,7,1720,DTW,LAX
2014-11-21,1121015,14,352,DTW,DCA
2014-11-21,1121200,-3,1452,DTW,PHX
2014-11-21,1121000,-3,394,DTW,PHL
2014-11-21,1121003,-6,944,DTW,PBI
2014-11-21,1121210,0,436,DTW,LGA
2014-11-21,1121210,6,832,DTW,MCO
2014-11-21,1121005,-4,436,DTW,LGA
2014-11-21,1121000,1,832,DTW,MCO
2014-11-21,1121205,-3,942,DTW,RSW
2014-11-21,1121210,-7,995,DTW,MIA
2014-11-21,1121200,-9,1520,DTW,LAS
2014-11-21,1121007,38,355,DTW,BWI
2014-11-21,1121210,3,1287,DTW,SLC
2014-11-21,1121215,1,459,DTW,MSP
2014-11-21,1121000,-5,459,DTW,MSP
2014-11-21,1121025,-9,854,DTW,TPA
2014-11-21,1121200,-4,980,DTW,FLL
2014-11-21,1121013,-9,333,DTW,IAD
2014-11-21,1121000,1,301,DTW,PIA
2014-11-21,1121012,-1,257,DTW,LEX
2014-11-21,1121234,-4,352,DTW,DCA
2014-11-21,1121210,-1,546,DTW,MCI
2014-11-21,1121055,68,198,DTW,MDW
2014-11-21,1121201,-1,104,DTW,GRR
2014-11-21,1121000,-5,288,DTW,ELM
2014-11-21,1121215,-3,934,DTW,IAH
2014-11-21,1121015,74,530,DTW,MHT
2014-11-21,1121142,5,832,DTW,MCO
2014-11-21,1121035,-3,204,DTW,ORD
2014-11-21,1121230,-7,204,DTW,ORD
2014-11-21,1121135,-8,436,DTW,LGA
2014-11-21,1121200,18,271,DTW,MSN
2014-11-21,1121030,-3,111,DTW,FWA
2014-11-21,1121030,-1,64,DTW,LAN
2014-11-21,1121015,1,396,DTW,BNA
2014-11-21,1121205,-7,136,DTW,SBN
2014-11-21,1121136,19,934,DTW,IAH
2014-11-21,1121115,-3,1452,DTW,PHX
2014-11-21,1121020,79,434,DTW,CLT
2014-11-21,1121200,7,355,DTW,BWI
2014-11-21,1121050,-3,198,DTW,MDW
2014-11-21,1121110,-1,1452,DTW,PHX
2014-11-21,1121100,-1,875,EGE,ORD
2014-11-21,1121140,103,626,EGE,DFW
2014-11-21,1121151,-3,288,ELM,DTW
2014-11-21,1121155,-10,479,ELP,DFW
2014-11-21,1121050,-4,479,ELP,DFW
2014-11-21,1121012,-2,580,ELP,IAH
2014-11-21,1121215,-1,621,ELP,LAX
2014-11-21,1121120,-2,588,ELP,HOU
2014-11-21,1121120,-3,621,ELP,LAX
2014-11-21,1121210,17,488,ELP,DAL
2014-11-21,1121055,-4,302,ELP,PHX
2014-11-21,1121038,-11,392,EUG,SFO
2014-11-21,1121035,-3,237,EVV,ORD
2014-11-21,1121130,21,943,EWR,MIA
2014-11-21,1121119,4,815,EWR,MCO
2014-11-21,1121200,-14,174,EWR,BOS
2014-11-21,1121145,0,648,EWR,ATL
2014-11-21,1121030,15,648,EWR,ATL
2014-11-21,1121100,-7,351,EWR,CLE
2014-11-21,1121200,20,147,EWR,BWI
2014-11-21,1121200,-8,100,EWR,BDL
2014-11-21,1121220,2,459,EWR,CLT
2014-11-21,1121230,21,1014,EWR,MSY
2014-11-21,1121233,16,174,EWR,BOS
2014-11-21,1121100,-9,495,EWR,CVG
2014-11-21,1121130,-2,949,EWR,MCI
2014-11-21,1121110,-11,713,EWR,JAX
2014-11-21,1121050,-1,758,EWR,STL
2014-11-21,1121131,-5,876,EWR,MSP
2014-11-21,1121100,-5,424,EWR,DTW
2014-11-21,1121130,-3,560,EWR,IND
2014-11-21,1121147,-3,815,EWR,MCO
2014-11-21,1121000,-2,925,EWR,FLL
2014-11-21,1121210,18,1216,EWR,IAH
2014-11-21,1121000,-6,1935,EWR,LAS
2014-11-21,1121148,25,2229,EWR,SFO
2014-11-21,1121030,1,889,EWR,PBI
2014-11-21,1121029,-2,1216,EWR,IAH
2014-11-21,1121207,3,1395,EWR,DEN
2014-11-21,1121230,18,925,EWR,FLL
2014-11-21,1121130,2,867,EWR,TPA
2014-11-21,1121100,4,2133,EWR,LAX
2014-11-21,1121015,-3,1853,EWR,PHX
2014-11-21,1121025,-8,459,EWR,CLT
2014-11-21,1121030,-6,2229,EWR,SFO
2014-11-21,1121200,0,618,EWR,MDW
2014-11-21,1121050,-1,561,EYW,ATL
2014-11-21,1121221,-4,561,EYW,ATL
2014-11-21,1121110,-5,109,EYW,MIA
2014-11-21,1121210,22,233,EYW,MCO
2014-11-21,1121155,-5,227,FAI,ANC
2014-11-21,1121030,-4,484,FAR,ORD
2014-11-21,1121150,-1,484,FAR,ORD
2014-11-21,1121230,-5,429,FAT,PHX
2014-11-21,1121109,-14,225,FAT,LAS
2014-11-21,1121044,24,137,FAT,SFO
2014-11-21,1121000,-7,287,FAY,ATL
2014-11-21,1121150,18,1027,FLL,ORD
2014-11-21,1121045,-8,972,FLL,DFW
2014-11-21,1121115,5,972,FLL,SWF
2014-11-21,1121200,2,1075,FLL,BOS
2014-11-21,1121036,7,2245,FLL,SFO
2014-11-21,1121112,1,2035,FLL,LAX
2014-11-21,1121155,101,929,FLL,JFK
2014-11-21,1121119,11,954,FLL,HPN
2014-11-21,1121235,8,781,FLL,DCA
2014-11-21,1121004,20,909,FLL,SJU
2014-11-21,1121145,-2,505,FLL,ATL
2014-11-21,1121100,-11,935,FLL,LGA
2014-11-21,1121007,12,980,FLL,DTW
2014-11-21,1121215,-3,929,FLL,JFK
2014-11-21,1121130,-6,980,FLL,DTW
2014-11-21,1121125,-4,804,FLL,BWI
2014-11-21,1121158,-1,922,FLL,CLE
2014-11-21,1121136,4,839,FLL,IAH
2014-11-21,1121224,23,925,FLL,EWR
2014-11-21,1121025,0,549,FLL,CLT
2014-11-21,1121122,-1,549,FLL,CLT
2014-11-21,1121149,-4,862,FLL,PHL
2014-11-21,1121200,-2,781,FLL,DCA
2014-11-21,1121200,0,2035,FLL,LAX
2014-11-21,1121200,5,832,FLL,HOU
2014-11-21,1121020,6,864,FLL,PIT
2014-11-21,1121235,6,960,FLL,AUS
2014-11-21,1121230,4,918,FLL,STL
2014-11-21,1121220,34,804,FLL,BWI
2014-11-21,1121035,-3,1014,FLL,MDW
2014-11-21,1121110,-5,171,FLL,TPA
2014-11-21,1121125,14,909,FLL,SJU
2014-11-21,1121110,26,949,FLL,ISP
2014-11-21,1121145,0,862,FLL,PHL
2014-11-21,1121055,1,689,FLL,BNA
2014-11-21,1121015,-4,585,FLL,MSY
2014-11-21,1121030,0,171,FLL,TPA
2014-11-21,1121210,-8,560,FNT,ATL
2014-11-21,1121210,-10,879,FNT,MCO
2014-11-21,1121153,20,420,FSD,DEN
2014-11-21,1121055,13,402,FSD,ORD
2014-11-21,1121215,-12,641,FSD,DFW
2014-11-21,1121128,-9,503,FSM,ATL
2014-11-21,1121005,-8,198,FSM,DFW
2014-11-21,1121215,0,746,FWA,DFW
2014-11-21,1121105,-8,136,FWA,ORD
2014-11-21,1121214,7,111,FWA,DTW
2014-11-21,1121220,-4,441,FWA,ATL
2014-11-21,1121015,-7,475,GEG,SLC
2014-11-21,1121120,-3,700,GEG,LAS
2014-11-21,1121130,-6,122,GGG,DFW
2014-11-21,1121107,-7,851,GJT,IAH
2014-11-21,1121135,-9,671,GJT,DFW
2014-11-21,1121215,-11,380,GJT,PHX
2014-11-21,1121010,-5,261,GNV,ATL
2014-11-21,1121217,-12,261,GNV,ATL
2014-11-21,1121200,0,306,GPT,ATL
2014-11-21,1121145,-3,327,GPT,IAH
2014-11-21,1121020,-1,434,GPT,DFW
2014-11-21,1121114,-2,151,GRB,ORD
